avg_review_score,orders
4.211955336070289,100842
3.981197771587744,1436
3.2308429118773945,2088
2.0905815748841996,1943
1.686472819216182,1582
1.6692307692307693,1430
