avg_review_score,order_count
2.2571993224167137,7084
4.208750061103778,102285
